[
  {
    "orderNumber": "ORD-0001",
    "customer": "Acme Corporation",
    "transactionDate": "2025-05-01",
    "status": "Pending",
    "fromLocation": "Warehouse A",
    "toLocation": "Retail Store B",
    "pendingApprovalReasonCode": [
      "PRICE_DISCREPANCY",
      "CREDIT_HOLD"
    ],
    "supportRep": "John Doe",
    "incoterm": "",
    "freightTerms": "Prepaid",
    "totalShipUnitCount": 5,
    "totalQuantity": 100,
    "discountRate": 0.05,
    "billingAddress": {
      "street": "123 Elm St",
      "city": "Springfield",
      "state": "IL",
      "postalCode": "62701",
      "country": "USA"
    },
    "shippingAddress": {
      "street": "456 Oak Ave",
      "city": "Springfield",
      "state": "IL",
      "postalCode": "62702",
      "country": "USA"
    },
    "earlyPickupDate": "2025-05-03",
    "latePickupDate": "2025-05-05",
    "lines": [
      {
        "item": "Widget A",
        "units": "Box",
        "quantity": 2,
        "price": 25,
        "amount": 50
      },
      {
        "item": "Gadget B",
        "units": "Each",
        "quantity": 1,
        "price": 40,
        "amount": 40
      },
      {
        "item": "Part C",
        "units": "Pack",
        "quantity": 1,
        "price": 10,
        "amount": 10
      }
    ],
    "history": [
      {
        "timestamp": "2025-05-01T08:00:00Z",
        "event": "Order ORD-0001 is  Created"
      },
      {
        "timestamp": "2025-05-01T09:00:00Z",
        "event": "Payment of ORD-0001 Received"
      },
      {
        "timestamp": "2025-05-01T11:00:00Z",
        "event": "Order ORD-0001 is  Approved"
      },
      {
        "timestamp": "2025-05-03T15:00:00Z",
        "event": "Order ORD-0001 is Shipped"
      },
      {
        "timestamp": "2025-05-05T14:30:00Z",
        "event": "Order ORD-0001 is Delivered"
      }
    ]
  },
  {
    "orderNumber": "ORD-0002",
    "customer": "Globex LLC",
    "transactionDate": "2025-05-02",
    "status": "Approved",
    "fromLocation": "Warehouse B",
    "toLocation": "Distributor C",
    "pendingApprovalReasonCode": [],
    "supportRep": "Jane Smith",
    "incoterm": "",
    "freightTerms": "Collect",
    "totalShipUnitCount": 3,
    "totalQuantity": 60,
    "discountRate": 0.1,
    "billingAddress": {
      "street": "789 Maple Rd",
      "city": "Metropolis",
      "state": "NY",
      "postalCode": "10001",
      "country": "USA"
    },
    "shippingAddress": {
      "street": "101 Pine St",
      "city": "Metropolis",
      "state": "NY",
      "postalCode": "10002",
      "country": "USA"
    },
    "earlyPickupDate": "2025-05-04",
    "latePickupDate": "2025-05-06",
    "lines": [
      {
        "item": "Item 1",
        "units": "Each",
        "quantity": 1,
        "price": 20,
        "amount": 20
      },
      {
        "item": "Item 2",
        "units": "Box",
        "quantity": 2,
        "price": 15,
        "amount": 30
      },
      {
        "item": "Item 3",
        "units": "Pack",
        "quantity": 1,
        "price": 10,
        "amount": 10
      }
    ],
    "history": [
      {
        "timestamp": "2025-05-02T10:30:00Z",
        "event": "Order ORD-00022 is Created"
      },
      {
        "timestamp": "2025-05-02T11:15:00Z",
        "event": "Payment of order ORD-00022 is Received"
      },
      {
        "timestamp": "2025-05-03T09:00:00Z",
        "event": "Order ORD-00022 is Approved"
      },
      {
        "timestamp": "2025-05-04T16:00:00Z",
        "event": "Order ORD-00022 is Shipped"
      },
      {
        "timestamp": "2025-05-06T10:00:00Z",
        "event": "Order ORD-00022 is Delivered"
      },
      {
        "event": "Order ORD-0002 was Edited",
        "timestamp": "2025-06-02T04:43:18.416Z"
      }
    ]
  },
  {
    "orderNumber": "ORD-0003",
    "customer": "Initech",
    "transactionDate": "2025-05-03",
    "status": "Shipped",
    "fromLocation": "Warehouse C",
    "toLocation": "Office Park D",
    "pendingApprovalReasonCode": [
      "STOCK_SHORTAGE"
    ],
    "supportRep": "Alice Johnson",
    "incoterm": "",
    "freightTerms": "Prepaid",
    "totalShipUnitCount": 10,
    "totalQuantity": 200,
    "discountRate": 0,
    "billingAddress": {
      "street": "234 Birch Ln",
      "city": "Springfield",
      "state": "IL",
      "postalCode": "62703",
      "country": "USA"
    },
    "shippingAddress": {
      "street": "567 Cedar Ct",
      "city": "Springfield",
      "state": "IL",
      "postalCode": "62704",
      "country": "USA"
    },
    "earlyPickupDate": "2025-05-05",
    "latePickupDate": "2025-05-07",
    "lines": [
      {
        "item": "Item X",
        "units": "Each",
        "quantity": 2,
        "price": 15,
        "amount": 30
      },
      {
        "item": "Item Y",
        "units": "Box",
        "quantity": 1,
        "price": 30,
        "amount": 30
      },
      {
        "item": "Item Z",
        "units": "Pack",
        "quantity": 1,
        "price": 20,
        "amount": 20
      }
    ],
    "history": [
      {
        "timestamp": "2025-05-03T09:45:00Z",
        "event": "Order ORD-0003 is Created"
      },
      {
        "timestamp": "2025-05-03T10:30:00Z",
        "event": "Stock Check Pending"
      },
      {
        "timestamp": "2025-05-04T08:00:00Z",
        "event": "Order ORD-0003 is Approved"
      },
      {
        "timestamp": "2025-05-05T14:00:00Z",
        "event": "Order ORD-0003 is Shipped"
      },
      {
        "timestamp": "2025-05-07T13:00:00Z",
        "event": "ORD-0003 is Delivered"
      }
    ]
  },
  {
    "orderNumber": "ORD-0004",
    "customer": "Umbrella Corp",
    "transactionDate": "2025-05-04",
    "status": "Cancelled",
    "fromLocation": "Warehouse D",
    "toLocation": "Hospital E",
    "pendingApprovalReasonCode": [
      "CUSTOMER_REQUEST"
    ],
    "supportRep": "Bob Lee",
    "incoterm": "DDP",
    "freightTerms": "",
    "totalShipUnitCount": 2,
    "totalQuantity": 40,
    "discountRate": 0.15,
    "billingAddress": {
      "street": "890 Spruce St",
      "city": "Raccoon City",
      "state": "OH",
      "postalCode": "44101",
      "country": "USA"
    },
    "shippingAddress": {
      "street": "321 Pine St",
      "city": "Raccoon City",
      "state": "OH",
      "postalCode": "44102",
      "country": "USA"
    },
    "earlyPickupDate": "2025-05-06",
    "latePickupDate": "2025-05-08",
    "lines": [
      {
        "item": "Item X",
        "units": "Each",
        "quantity": 2,
        "price": 15,
        "amount": 30
      },
      {
        "item": "Item Y",
        "units": "Box",
        "quantity": 1,
        "price": 30,
        "amount": 30
      },
      {
        "item": "Item Z",
        "units": "Pack",
        "quantity": 1,
        "price": 20,
        "amount": 20
      }
    ],
    "history": [
      {
        "timestamp": "2025-05-04T07:30:00Z",
        "event": "Order ORD-0004 is  Created"
      },
      {
        "timestamp": "2025-05-04T08:00:00Z",
        "event": "Order ORD-0004 is Cancelled"
      }
    ]
  },
  {
    "orderNumber": "ORD-0005",
    "customer": "Wayne Enterprises",
    "transactionDate": "2025-05-05",
    "status": "Pending",
    "fromLocation": "Warehouse A",
    "toLocation": "Gotham HQ",
    "pendingApprovalReasonCode": [
      "PRICE_DISCREPANCY"
    ],
    "supportRep": "Rachel Green",
    "incoterm": "FOB",
    "freightTerms": "",
    "totalShipUnitCount": 8,
    "totalQuantity": 160,
    "discountRate": 0.2,
    "billingAddress": {
      "street": "1007 Mountain Dr",
      "city": "Gotham",
      "state": "NJ",
      "postalCode": "07001",
      "country": "USA"
    },
    "shippingAddress": {
      "street": "1008 Wayne Manor",
      "city": "Gotham",
      "state": "NJ",
      "postalCode": "07002",
      "country": "USA"
    },
    "earlyPickupDate": "2025-05-07",
    "latePickupDate": "2025-05-09",
    "lines": [
      {
        "item": "Item X",
        "units": "Each",
        "quantity": 2,
        "price": 15,
        "amount": 30
      },
      {
        "item": "Item Y",
        "units": "Box",
        "quantity": 1,
        "price": 30,
        "amount": 30
      },
      {
        "item": "Item Z",
        "units": "Pack",
        "quantity": 1,
        "price": 20,
        "amount": 20
      }
    ],
    "history": [
      {
        "timestamp": "2025-05-05T12:00:00Z",
        "event": "Order ORD-0005 is Created"
      },
      {
        "timestamp": "2025-05-05T12:30:00Z",
        "event": "ORD-0005 Payment Received"
      },
      {
        "timestamp": "2025-05-05T13:00:00Z",
        "event": "Pending Approval (Policy Review)"
      },
      {
        "timestamp": "2025-05-06T09:00:00Z",
        "event": "Order ORD-0005 Approved"
      },
      {
        "timestamp": "2025-05-07T10:00:00Z",
        "event": "Order ORD-0005 is Shipped"
      }
    ]
  },
  {
    "orderNumber": "ORD-0006",
    "customer": "Stark Industries",
    "transactionDate": "2025-05-06",
    "status": "Approved",
    "fromLocation": "Warehouse B",
    "toLocation": "Avengers Tower",
    "pendingApprovalReasonCode": [],
    "supportRep": "Monica Geller",
    "incoterm": "",
    "freightTerms": "Collect",
    "totalShipUnitCount": 7,
    "totalQuantity": 140,
    "discountRate": 0,
    "billingAddress": {
      "street": "10880 Malibu Point",
      "city": "Malibu",
      "state": "CA",
      "postalCode": "90265",
      "country": "USA"
    },
    "shippingAddress": {
      "street": "890 Fifth Ave",
      "city": "New York",
      "state": "NY",
      "postalCode": "10021",
      "country": "USA"
    },
    "earlyPickupDate": "2025-05-08",
    "latePickupDate": "2025-05-10",
    "lines": [
      {
        "item": "Item X",
        "units": "Each",
        "quantity": 2,
        "price": 15,
        "amount": 30
      },
      {
        "item": "Item Y",
        "units": "Box",
        "quantity": 1,
        "price": 30,
        "amount": 30
      },
      {
        "item": "Item Z",
        "units": "Pack",
        "quantity": 1,
        "price": 20,
        "amount": 20
      }
    ],
    "history": [
      {
        "timestamp": "2025-05-06T08:00:00Z",
        "event": "Order ORD-0006 is Created"
      },
      {
        "timestamp": "2025-05-06T08:45:00Z",
        "event": "Order ORD-0006 Payment Received"
      },
      {
        "timestamp": "2025-05-06T09:30:00Z",
        "event": "Order ORD-0006 is Approved"
      },
      {
        "timestamp": "2025-05-08T14:00:00Z",
        "event": "ORD-0006 Shipped"
      },
      {
        "timestamp": "2025-05-10T09:30:00Z",
        "event": "ORD-0006 Delivered"
      }
    ]
  },
  {
    "orderNumber": "ORD-0007",
    "customer": "Oscorp",
    "transactionDate": "2025-05-07",
    "status": "Shipped",
    "fromLocation": "Warehouse C",
    "toLocation": "Research Lab F",
    "pendingApprovalReasonCode": [
      "STOCK_SHORTAGE"
    ],
    "supportRep": "Chandler Bing",
    "incoterm": "",
    "freightTerms": "Prepaid",
    "totalShipUnitCount": 4,
    "totalQuantity": 80,
    "discountRate": 0.05,
    "billingAddress": {
      "street": "345 Elm St",
      "city": "New York",
      "state": "NY",
      "postalCode": "10019",
      "country": "USA"
    },
    "shippingAddress": {
      "street": "678 Oak St",
      "city": "New York",
      "state": "NY",
      "postalCode": "10020",
      "country": "USA"
    },
    "earlyPickupDate": "2025-05-09",
    "latePickupDate": "2025-05-11",
    "lines": [
      {
        "item": "Item 1",
        "units": "Each",
        "quantity": 1,
        "price": 20,
        "amount": 20
      },
      {
        "item": "Item 2",
        "units": "Box",
        "quantity": 2,
        "price": 15,
        "amount": 30
      },
      {
        "item": "Item 3",
        "units": "Pack",
        "quantity": 1,
        "price": 10,
        "amount": 10
      },
      {
        "item": "Item X",
        "units": "Each",
        "quantity": 2,
        "price": 15,
        "amount": 30
      },
      {
        "item": "Item Y",
        "units": "Box",
        "quantity": 1,
        "price": 30,
        "amount": 30
      },
      {
        "item": "Item Z",
        "units": "Pack",
        "quantity": 1,
        "price": 20,
        "amount": 20
      }
    ],
    "history": [
      {
        "timestamp": "2025-05-07T11:00:00Z",
        "event": "Order ORD-0007 is Created"
      },
      {
        "timestamp": "2025-05-07T11:45:00Z",
        "event": "Payment Received"
      },
      {
        "timestamp": "2025-05-07T12:30:00Z",
        "event": "Safety Compliance Check"
      },
      {
        "timestamp": "2025-05-08T08:00:00Z",
        "event": "Order ORD-0007 Approved"
      },
      {
        "timestamp": "2025-05-09T16:00:00Z",
        "event": "Order ORD-0007 Shipped"
      },
      {
        "timestamp": "2025-05-11T14:00:00Z",
        "event": "Order ORD-0007 Delivered"
      }
    ]
  },
  {
    "orderNumber": "ORD-0008",
    "customer": "Wonka Industries",
    "transactionDate": "2025-05-08",
    "status": "Pending",
    "fromLocation": "Warehouse D",
    "toLocation": "Chocolate Factory",
    "pendingApprovalReasonCode": [],
    "supportRep": "Phoebe Buffay",
    "incoterm": "",
    "freightTerms": "Prepaid",
    "totalShipUnitCount": 6,
    "totalQuantity": 120,
    "discountRate": 0.1,
    "billingAddress": {
      "street": "1 Candy Lane",
      "city": "London",
      "state": "NA",
      "postalCode": "WC2N",
      "country": "UK"
    },
    "shippingAddress": {
      "street": "2 Chocolate Rd",
      "city": "London",
      "state": "NA",
      "postalCode": "WC2P",
      "country": "UK"
    },
    "earlyPickupDate": "2025-05-10",
    "latePickupDate": "2025-05-12",
    "lines": [
      {
        "item": "Item 1",
        "units": "Each",
        "quantity": 1,
        "price": 20,
        "amount": 20
      },
      {
        "item": "Item 2",
        "units": "Box",
        "quantity": 2,
        "price": 15,
        "amount": 30
      },
      {
        "item": "Item 3",
        "units": "Pack",
        "quantity": 1,
        "price": 10,
        "amount": 10
      },
      {
        "item": "Item X",
        "units": "Each",
        "quantity": 2,
        "price": 15,
        "amount": 30
      },
      {
        "item": "Item Y",
        "units": "Box",
        "quantity": 1,
        "price": 30,
        "amount": 30
      },
      {
        "item": "Item Z",
        "units": "Pack",
        "quantity": 1,
        "price": 20,
        "amount": 20
      }
    ],
    "history": [
      {
        "timestamp": "2025-05-08T09:15:00Z",
        "event": "Order Created"
      },
      {
        "timestamp": "2025-05-08T10:00:00Z",
        "event": "ORD-0008 Payment Received"
      },
      {
        "timestamp": "2025-05-09T08:30:00Z",
        "event": "Order ORD-0008 Approved"
      },
      {
        "timestamp": "2025-05-10T15:00:00Z",
        "event": "ORD-0008 Shipped"
      },
      {
        "timestamp": "2025-05-12T11:00:00Z",
        "event": "ORD-0008 Delivered"
      }
    ]
  },
  {
    "orderNumber": "ORD-0009",
    "customer": "Tyrell Corporation",
    "transactionDate": "2025-05-09",
    "status": "Approved",
    "fromLocation": "Warehouse A",
    "toLocation": "Blade Runner Unit",
    "pendingApprovalReasonCode": [
      "CREDIT_HOLD"
    ],
    "supportRep": "Ross Geller",
    "incoterm": "",
    "freightTerms": "Prepaid",
    "totalShipUnitCount": 9,
    "totalQuantity": 180,
    "discountRate": 0,
    "billingAddress": {
      "street": "123 Replicant Blvd",
      "city": "Los Angeles",
      "state": "CA",
      "postalCode": "90001",
      "country": "USA"
    },
    "shippingAddress": {
      "street": "456 Nexus St",
      "city": "Los Angeles",
      "state": "CA",
      "postalCode": "90002",
      "country": "USA"
    },
    "earlyPickupDate": "2025-05-11",
    "latePickupDate": "2025-05-13",
    "lines": [
      {
        "item": "Item 1",
        "units": "Each",
        "quantity": 1,
        "price": 20,
        "amount": 20
      },
      {
        "item": "Item 2",
        "units": "Box",
        "quantity": 2,
        "price": 15,
        "amount": 30
      },
      {
        "item": "Item 3",
        "units": "Pack",
        "quantity": 1,
        "price": 10,
        "amount": 10
      },
      {
        "item": "Item X",
        "units": "Each",
        "quantity": 2,
        "price": 15,
        "amount": 30
      },
      {
        "item": "Item Y",
        "units": "Box",
        "quantity": 1,
        "price": 30,
        "amount": 30
      },
      {
        "item": "Item Z",
        "units": "Pack",
        "quantity": 1,
        "price": 20,
        "amount": 20
      }
    ],
    "history": [
      {
        "timestamp": "2025-05-09T07:45:00Z",
        "event": "Order ORD-0009 Created"
      },
      {
        "timestamp": "2025-05-09T08:30:00Z",
        "event": "Payment Received"
      },
      {
        "timestamp": "2025-05-09T09:00:00Z",
        "event": "Verification Required"
      },
      {
        "timestamp": "2025-05-10T08:00:00Z",
        "event": "Order ORD-0009 Approved"
      },
      {
        "timestamp": "2025-05-11T14:00:00Z",
        "event": "Shipped"
      },
      {
        "timestamp": "2025-05-13T16:00:00Z",
        "event": "Order ORD-0009 Delivered"
      }
    ]
  },
  {
    "orderNumber": "ORD-0010",
    "customer": "Black Mesa",
    "transactionDate": "2025-05-10",
    "status": "Shipped",
    "fromLocation": "Warehouse B",
    "toLocation": "Research Facility",
    "pendingApprovalReasonCode": [
      "PRICE_DISCREPANCY"
    ],
    "supportRep": "Joey Tribbiani",
    "incoterm": "",
    "freightTerms": "Collect",
    "totalShipUnitCount": 11,
    "totalQuantity": 220,
    "discountRate": 0.07,
    "billingAddress": {
      "street": "789 Aperture St",
      "city": "City 17",
      "state": "NA",
      "postalCode": "00017",
      "country": "Fictionland"
    },
    "shippingAddress": {
      "street": "101 Lambda Rd",
      "city": "City 17",
      "state": "NA",
      "postalCode": "00018",
      "country": "Fictionland"
    },
    "earlyPickupDate": "2025-05-12",
    "latePickupDate": "2025-05-14",
    "lines": [
      {
        "item": "Item 1",
        "units": "Each",
        "quantity": 1,
        "price": 20,
        "amount": 20
      },
      {
        "item": "Item 2",
        "units": "Box",
        "quantity": 2,
        "price": 15,
        "amount": 30
      },
      {
        "item": "Item 3",
        "units": "Pack",
        "quantity": 1,
        "price": 10,
        "amount": 10
      },
      {
        "item": "Item X",
        "units": "Each",
        "quantity": 2,
        "price": 15,
        "amount": 30
      },
      {
        "item": "Item Y",
        "units": "Box",
        "quantity": 1,
        "price": 30,
        "amount": 30
      },
      {
        "item": "Item Z",
        "units": "Pack",
        "quantity": 1,
        "price": 20,
        "amount": 20
      }
    ],
    "history": [
      {
        "timestamp": "2025-05-10T14:00:00Z",
        "event": "Order ORD-0010 Created"
      },
      {
        "timestamp": "2025-05-10T14:45:00Z",
        "event": "Payment Received"
      },
      {
        "timestamp": "2025-05-10T15:30:00Z",
        "event": "Security Check"
      },
      {
        "timestamp": "2025-05-11T09:00:00Z",
        "event": "Order ORD-0010 Approved"
      },
      {
        "timestamp": "2025-05-12T17:00:00Z",
        "event": "Order ORD-0010 Shipped"
      },
      {
        "timestamp": "2025-05-14T10:00:00Z",
        "event": "Order ORD-0010 Delivered"
      }
    ]
  },
  {
    "orderNumber": "11",
    "customer": "Akshay",
    "transactionDate": "2025-06-01",
    "status": "Pending",
    "fromLocation": "Warehouse B",
    "toLocation": "A",
    "pendingApprovalReasonCode": [
      "CREDIT_HOLD"
    ],
    "supportRep": "",
    "incoterm": "EXW",
    "freightTerms": "",
    "totalShipUnitCount": 10,
    "totalQuantity": 10,
    "discountRate": 10,
    "billingAddress": {
      "street": "815 Bering Drive",
      "city": "Arlington",
      "state": "TX",
      "postalCode": "76013",
      "country": "United States"
    },
    "shippingAddress": {
      "street": "Centinnial COurt 1413 C",
      "city": "Arlington",
      "state": "Texas",
      "postalCode": "76019",
      "country": "India"
    },
    "earlyPickupDate": "2025-06-01",
    "latePickupDate": "2025-07-10",
    "lines": [
      {
        "item": "Apple",
        "units": "23",
        "quantity": 50,
        "price": 100,
        "amount": 5000
      },
      {
        "item": "Oranges",
        "units": "45",
        "quantity": 56,
        "price": 89,
        "amount": 4984
      }
    ],
    "history": [
      {
        "event": "Order 11 was created",
        "timestamp": "2025-06-02T04:41:04.826Z"
      }
    ]
  }
]